{
    "Apple": 171.7795082,
    "Banana": 161.7368421,
    "Grape": 7.5,
    "Grapefruit": 374.5,
    "Orange": 97.5,
    "Mango": 344.2733333,
    "Pear": 211.4771429,
    "Watermelon": 168.675,
    "Avocado": 210,
    "Basil": 68,
    "Bean":	4.760784314,
    "Beetroot":	19,
    "Bok choy":	257.989418,
    "Broccoli":	9.655555556,
    "Broccolini": 112,
    "Capsicum":	278.75,
    "Carrot": 139.2057143,
    "Chilli": 40.82222222,
    "Choi sum":	159.6666667,
    "Coriander": 100,
    "Corn":	324.5,
    "Cucumber":	195.2109375,
    "Dill":	61,
    "Eggplant":	541,
    "Leek":	300,
    "Lettuce": 272.673913,
    "Mushroom":	35.41666667,
    "Onion": 136.3,
    "Parsley": 86,
    "Pea": 0.66,
    "Potato": 208.5,
    "pumpkin": 135,
    "Silverbeet": 279.4666667,
    "squash": 57,
    "Swede": 310,
    "Sweet potato":	431.1111111,
    "Tomato": 125.0780702
}