{"Apples": {"food_emissions_land_use": -0.06758032134785628, "food_emissions_farm": 0.5271133011225627, "food_emissions_animal_feed": 0.0, "food_emissions_processing": 0.00891720548685058, "food_emissions_transport": 0.22363280391976106, "food_emissions_retail": 0.03869652168066426, "food_emissions_packaging": 0.1039363338823239, "food_emissions_losses": 0.16528415525569368, "total_emissions": 1.0}, "Bananas": {"food_emissions_land_use": -0.029625221236860927, "food_emissions_farm": 0.31281992085215643, "food_emissions_animal_feed": 0.0, "food_emissions_processing": 0.0697832375864411, "food_emissions_transport": 0.34323193388227957, "food_emissions_retail": 0.02434249457146462, "food_emissions_packaging": 0.07619277603604095, "food_emissions_losses": 0.2032548583084782, "total_emissions": 1.0}, "Barley": {"food_emissions_land_use": 0.00735732684552831, "food_emissions_farm": 0.14957682041364023, "food_emissions_animal_feed": 0.0, "food_emissions_processing": 0.10829857908656582, "food_emissions_transport": 0.02997966329718276, "food_emissions_retail": 0.22353585888367003, "food_emissions_packaging": 0.4213012225816364, "food_emissions_losses": 0.05995052889177658, "total_emissions": 1.0}, "Beef (beef herd)": {"food_emissions_land_use": 0.2335961209499595, "food_emissions_farm": 0.565234517408054, "food_emissions_animal_feed": 0.026950628018522823, "food_emissions_processing": 0.018205973668367265, "food_emissions_transport": 0.004967204159752064, "food_emissions_retail": 0.0023476470752950562, "food_emissions_packaging": 0.003539340942460106, "food_emissions_losses": 0.14515856777758937, "total_emissions": 1.0}, "Beef (dairy herd)": {"food_emissions_land_use": 0.03801709432763361, "food_emissions_farm": 0.658096429062005, "food_emissions_animal_feed": 0.1052110087160299, "food_emissions_processing": 0.04647446175716594, "food_emissions_transport": 0.017789339080026497, "food_emissions_retail": 0.007628278748709067, "food_emissions_packaging": 0.011247249499717976, "food_emissions_losses": 0.11553613880871205, "total_emissions": 1.0}, "Beet Sugar": {"food_emissions_land_use": 2.8653977541912673e-05, "food_emissions_farm": 0.2956394496265278, "food_emissions_animal_feed": 0.0, "food_emissions_processing": 0.13348523304791082, "food_emissions_transport": 0.3468638845836574, "food_emissions_retail": 0.02170016745791699, "food_emissions_packaging": 0.049826287049156114, "food_emissions_losses": 0.15245632425728897, "total_emissions": 1.0}, "Berries & Grapes": {"food_emissions_land_use": 0.01605929499515343, "food_emissions_farm": 0.46860439040641927, "food_emissions_animal_feed": 0.0, "food_emissions_processing": 0.0, "food_emissions_transport": 0.15431428185271334, "food_emissions_retail": 0.01113456643640673, "food_emissions_packaging": 0.13779904604629648, "food_emissions_losses": 0.2120884202630108, "total_emissions": 1.0}, "Brassicas": {"food_emissions_land_use": 0.004357852443204622, "food_emissions_farm": 0.5397762757725596, "food_emissions_animal_feed": 0.0, "food_emissions_processing": 0.0, "food_emissions_transport": 0.18392711916178542, "food_emissions_retail": 0.032734790559832694, "food_emissions_packaging": 0.08804294003663907, "food_emissions_losses": 0.15116102202597875, "total_emissions": 1.0}, "Cane Sugar": {"food_emissions_land_use": 0.39483291682340665, "food_emissions_farm": 0.15357346024331722, "food_emissions_animal_feed": 0.0, "food_emissions_processing": 0.01168548272909695, "food_emissions_transport": 0.24836796771597613, "food_emissions_retail": 0.011479798577956786, "food_emissions_packaging": 0.02634547767856146, "food_emissions_losses": 0.1537148962316849, "total_emissions": 1.0}, "Cassava": {"food_emissions_land_use": 0.44801009479726656, "food_emissions_farm": 0.16720970112009298, "food_emissions_animal_feed": 0.0, "food_emissions_processing": 0.0, "food_emissions_transport": 0.07114021378719541, "food_emissions_retail": 0.029887597746872375, "food_emissions_packaging": 0.03406767121716167, "food_emissions_losses": 0.24968472133141095, "total_emissions": 1.0}, "Cheese": {"food_emissions_land_use": 0.18709919854161003, "food_emissions_farm": 0.5484449651930402, "food_emissions_animal_feed": 0.09854673044630495, "food_emissions_processing": 0.03100759185950809, "food_emissions_transport": 0.005802793077531225, "food_emissions_retail": 0.013960280899336444, "food_emissions_packaging": 0.007207217909922555, "food_emissions_losses": 0.10793122207274655, "total_emissions": 1.0}, "Citrus Fruit": {"food_emissions_land_use": -0.3765334158640202, "food_emissions_farm": 0.7913131760200208, "food_emissions_animal_feed": 0.0, "food_emissions_processing": 0.0, "food_emissions_transport": 0.24212934651763565, "food_emissions_retail": 0.04304498061832782, "food_emissions_packaging": 0.11540834779657118, "food_emissions_losses": 0.1846375649114647, "total_emissions": 1.0}, "Coffee": {"food_emissions_land_use": 0.13386185876697246, "food_emissions_farm": 0.3769796510375031, "food_emissions_animal_feed": 0.0, "food_emissions_processing": 0.021494223663523694, "food_emissions_transport": 0.004715667655684213, "food_emissions_retail": 0.0018398403951307627, "food_emissions_packaging": 0.05915247551258563, "food_emissions_losses": 0.40195628296860025, "total_emissions": 1.0}, "Dark Chocolate": {"food_emissions_land_use": 0.5534112374678759, "food_emissions_farm": 0.1433541018268127, "food_emissions_animal_feed": 0.0, "food_emissions_processing": 0.0071547090934951756, "food_emissions_transport": 0.0023768303135840545, "food_emissions_retail": 0.0008071778179984272, "food_emissions_packaging": 0.015487331646440061, "food_emissions_losses": 0.2774086118337937, "total_emissions": 1.0}, "Eggs": {"food_emissions_land_use": 0.15213314209473788, "food_emissions_farm": 0.28260943676117567, "food_emissions_animal_feed": 0.47221889721432864, "food_emissions_processing": 0.0, "food_emissions_transport": 0.01800288123561222, "food_emissions_retail": 0.007627403909026951, "food_emissions_packaging": 0.03457294233649343, "food_emissions_losses": 0.032835296448625324, "total_emissions": 1.0}, "Fish (farmed)": {"food_emissions_land_use": 0.08763777272201988, "food_emissions_farm": 0.5909515681218502, "food_emissions_animal_feed": 0.13456282052794485, "food_emissions_processing": 0.0032715064344984394, "food_emissions_transport": 0.018188859402490303, "food_emissions_retail": 0.006600108569136686, "food_emissions_packaging": 0.010088974543258059, "food_emissions_losses": 0.14869838967880145, "total_emissions": 1.0}, "Groundnuts": {"food_emissions_land_use": 0.150201349601939, "food_emissions_farm": 0.4879094705182737, "food_emissions_animal_feed": 0.0, "food_emissions_processing": 0.1272185069604167, "food_emissions_transport": 0.04105160100058738, "food_emissions_retail": 0.014511581371871177, "food_emissions_packaging": 0.03388216800092365, "food_emissions_losses": 0.1452253225459884, "total_emissions": 1.0}, "Lamb & Mutton": {"food_emissions_land_use": 0.01631948487170409, "food_emissions_farm": 0.6803677095787911, "food_emissions_animal_feed": 0.08265314095286086, "food_emissions_processing": 0.038759017829800714, "food_emissions_transport": 0.017090017886074744, "food_emissions_retail": 0.007572932572376085, "food_emissions_packaging": 0.008750849964150743, "food_emissions_losses": 0.14848684634424153, "total_emissions": 1.0}, "Maize": {"food_emissions_land_use": 0.27926290056681297, "food_emissions_farm": 0.4215513161472338, "food_emissions_animal_feed": 0.0, "food_emissions_processing": 0.04602917649283449, "food_emissions_transport": 0.053115783912919406, "food_emissions_retail": 0.023104750140868432, "food_emissions_packaging": 0.05305138411298081, "food_emissions_losses": 0.12388468862635021, "total_emissions": 1.0}, "Milk": {"food_emissions_land_use": 0.16252161144419774, "food_emissions_farm": 0.47874247116838464, "food_emissions_animal_feed": 0.0773590588925012, "food_emissions_processing": 0.04892219297105488,